data,snowmelt,pet,precipitation,surface_sensible_heat_flux,snowfall,temperature,u_component_of_wind,v_component_of_wind,runoff
1980年1月,0,0,4.739241371,-3.794231438,4.635578322,-19.2246181,3.283371548,-0.16355938,
1980年2月,2.155563756,0,11.81602212,-29.75294698,11.69574221,-16.80952958,2.6419443,-0.612701014,
1980年3月,8.40337015,0,16.07293914,-35.60711139,15.35640482,-9.380497285,1.776500771,0.251675288,
1980年4月,39.43152654,133.5918778,59.12690787,-26.97323319,53.31556047,-2.48676702,2.162975076,0.330158038,
1980年5月,8.067364488,1572.797153,31.95580019,-72.54801239,5.988650062,10.0777424,2.086917252,0.029101314,
1980年6月,5.70E-06,1699.482654,39.41258651,-51.65327968,0,17.90030094,1.474393141,0.932892666,
1980年7月,1.86E-05,1650.580442,40.97182656,-111.1773841,0,22.31716987,0.176102789,0.673727164,
1980年8月,1.67E-05,1169.690004,50.13570148,-88.95746723,0,18.61237312,-0.936794446,0.671188575,
1980年9月,0.056959062,993.2167913,31.56536328,-77.36610992,0.072540102,9.916888808,2.285653825,-0.09623381,
1980年10月,4.138640745,296.3424206,26.83330104,-50.51226763,7.835609022,1.366426114,2.074850062,-0.163374052,
1980年11月,3.608574459,0,11.49187415,-2.645857191,10.25762054,-4.312940227,2.773948828,1.083931979,
1980年12月,0,0,12.02800949,-19.63327507,11.92214079,-19.04634826,3.099625452,-0.883979922,
1981年1月,0,0,9.198959346,8.28779522,9.075313503,-23.55479186,2.296067766,-0.138620081,
1981年2月,0,0,16.10588857,11.66235687,15.98011562,-18.604302,2.122264582,0.435154465,
1981年3月,27.39411135,0,26.04587625,11.27348888,24.27253083,-7.87679197,1.599034257,0.751777758,
1981年4月,18.76751674,1124.694942,11.02421576,-60.94596619,4.17034759,4.390885795,2.343446517,0.006204185,
1981年5月,7.929160744,1525.842059,33.7719269,-118.7543727,12.16460797,10.21527456,1.209141258,-1.492234243,
1981年6月,1.23E-07,1657.870993,71.33662314,-112.1384912,0,18.23808244,0.537579995,-0.014703504,
1981年7月,3.17E-05,1593.70879,131.7336907,-47.02525221,0,22.00023565,0.539547,1.802175894,
1981年8月,1.97E-05,1156.092819,131.6317923,-52.15229981,0,15.95073982,1.271896978,0.426673012,
1981年9月,3.742528406,971.5976679,86.25706782,-36.66281404,4.213341296,10.47313534,1.390601982,0.482161195,
1981年10月,3.162975452,228.537499,32.83515325,-33.10280641,13.683586,-0.315358358,3.59066606,0.013486093,
1981年11月,0.281993726,0,17.16614658,36.35028716,17.08557086,-16.74381765,2.777031801,0.358007538,
1981年12月,0,0,4.833781897,45.39072619,4.753887152,-18.30766391,3.428591727,0.955963766,
1982年1月,0,0,5.688931889,21.55045586,5.607783774,-21.03552928,2.490629122,-0.333059964,
1982年2月,2.851686268,0,7.401180549,-0.673677741,7.287346824,-15.8864669,1.784248959,0.268616195,
1982年3月,15.00320249,0,10.95916862,-67.18534908,6.203036604,-5.387740811,1.869765079,0.180212899,
1982年4月,8.06688471,1042.979333,24.38215208,-74.18236667,12.47067165,4.136592268,1.511791343,-0.495633187,
1982年5月,23.94810689,1374.94694,52.07529613,-58.60345682,24.68360721,8.499062627,1.359232325,-0.638326193,
1982年6月,0.01088771,1561.159936,69.5913401,-76.39402834,0.010998046,17.60208456,0.499961117,1.314876703,
1982年7月,2.76E-05,1450.696711,108.7201289,-48.8403779,0,18.14556481,0.46467183,1.431128875,
1982年8月,2.26E-05,1260.865525,54.47546356,-48.30184079,0,18.37446252,0.505058902,1.257191498,
1982年9月,0.00855224,1135.639662,23.06476271,-78.54744525,0.010078177,11.68692253,2.517284469,0.479071974,
1982年10月,1.141745131,673.1079212,13.43700463,-55.2002405,2.305002445,5.22553306,2.130598979,0.591118653,
1982年11月,0.659713753,0,14.07128791,-21.51685404,9.297398069,-7.018007959,2.564485735,0.569971116,
1982年12月,0,0,13.04368722,15.72467649,12.94256518,-17.9531759,3.143416905,0.549317425,
1983年1月,0.041237803,0,6.165892959,25.24112532,6.072428453,-19.82745928,2.415574978,0.871168915,
1983年2月,0.773487292,0,11.20434243,3.792357795,11.09642413,-19.95428609,2.320814025,-0.054318541,
1983年3月,22.4038639,0,15.2059533,4.984373547,12.45199674,-9.918012681,0.960324146,0.108750621,
1983年4月,7.74184751,945.4068355,43.00771816,-49.35402305,25.81682951,2.359166078,3.724685496,0.079826856,
1983年5月,10.08445513,1639.909015,29.9894135,-71.34020231,0.015824838,11.76393817,1.687405775,0.38879495,
1983年6月,0,1646.392843,52.9806752,-120.1320884,0,18.03080829,1.370670957,0.202435644,
1983年7月,5.28E-06,1530.542614,83.57402313,-46.54003457,0,19.23543512,1.015175552,0.801023011,
1983年8月,2.74E-05,1250.13224,157.9974141,-40.28276379,0,17.4738326,-0.413112562,1.726384199,
1983年9月,1.55E-05,883.6608444,67.31732027,-39.81549072,2.45E-07,11.59339594,1.462262457,1.313363447,
1983年10月,5.975067894,530.9415199,19.43069882,-33.98664686,7.524850849,2.036895115,1.788656644,0.090979072,
1983年11月,0.640523329,0,7.53569408,-25.37854818,5.814815042,-6.076207712,2.956049271,-0.278487572,
1983年12月,0.029659639,0,6.46308113,-16.29657848,6.386981695,-14.1479767,2.985981356,-0.412679055,
1984年1月,0,0,5.527867155,-16.92970725,5.446152116,-21.50845661,2.947758512,-0.230812064,
1984年2月,0.006903037,0,7.779543607,-27.68066897,7.685021582,-18.33254145,2.727872776,-0.301950479,
1984年3月,5.645032917,0,19.12539909,-46.53649725,18.9913418,-12.04828834,1.637698925,-0.678354748,
1984年4月,8.320955947,898.5851387,25.58646207,-80.46349283,5.905539797,3.021683662,2.522384622,1.300763736,
1984年5月,0.206694917,1546.44341,24.71507553,-105.9726835,1.30E-05,12.36129861,1.313407238,0.679762467,
1984年6月,4.98E-07,1476.054572,127.7545113,-86.74934708,0,16.43804706,0.961457362,0.79326927,
1984年7月,1.50E-05,1509.379381,52.70710925,-62.27772254,0,19.47948136,0.806714309,1.155893551,
1984年8月,2.89E-05,1288.19614,87.31143553,-43.85237805,0,17.76863421,1.197448402,2.188092649,
1984年9月,0.068030964,964.9223965,36.53898311,-59.95171829,0.073334335,10.3685427,1.668452534,0.351436366,
1984年10月,6.347213578,566.4995577,24.24695771,-37.64587372,11.67461538,2.125667819,2.375505813,0.305294321,
1984年11月,1.901051247,0,3.681384374,-16.84115184,3.202355807,-5.861042132,2.868062482,0.999242788,
1984年12月,0.027322671,0,3.707407776,-24.21923788,3.64698168,-16.51215126,3.148062558,0.493039928,
1985年1月,0,0,7.003990832,-15.66756827,6.920747251,-20.21877959,2.56985551,-0.243138464,
1985年2月,0.049853754,0,25.20115639,-4.313605686,25.10226264,-18.13392488,0.988025065,0.236922303,
1985年3月,10.46362519,0,16.14843711,45.8220098,13.98037937,-14.64734327,3.167696922,0.707461373,
1985年4月,27.42433357,919.2561158,31.94478647,-51.18783836,19.51935713,1.833903462,1.930944913,0.313647099,
1985年5月,19.7654375,1499.415891,72.47067816,-54.42540863,20.28096967,10.46137456,0.374961646,1.240047887,
1985年6月,8.46E-06,1618.042573,58.30534084,-104.1185752,0,18.22023738,1.223783109,1.110852493,
1985年7月,1.76E-05,1312.014491,83.62571198,-51.3418414,0,18.928464,0.183925273,1.105257014,
1985年8月,2.52E-05,1183.661311,80.46785746,-58.46370932,0,18.28462582,1.284391556,1.284643898,
1985年9月,1.752038171,959.9882429,29.91020824,-86.6979249,9.629381825,10.10739963,2.001254033,-0.061537165,
1985年10月,9.10295148,645.2508565,13.39727338,-15.77295541,5.664809109,3.643968316,2.316084602,0.943724282,
1985年11月,1.038752125,0,46.02094473,30.46749494,45.92413522,-14.49859328,3.067782292,-0.010649157,
1985年12月,0,0,9.265056137,37.80851103,9.156584008,-24.06166509,3.796631838,0.407238631,
1986年1月,0,0,8.948031718,34.10615598,8.848646848,-23.54398361,3.474695039,-0.211459086,
1986年2月,0,0,8.675326219,-0.584381087,8.571825121,-18.39060754,2.629075474,-0.934664783,
1986年3月,19.85930564,0,15.83535147,17.86162542,15.57507535,-9.541391424,2.106844349,0.705663089,
1986年4月,47.28028296,926.4475754,13.63580567,-32.95484557,9.285411115,0.013189761,3.250337811,-0.080244271,
1986年5月,0.331942968,1579.492497,17.06228657,-105.436433,0.321987712,11.92907386,1.025614678,-0.675831796,
1986年6月,6.56E-07,1695.339413,60.42328537,-113.380009,0,19.51092901,0.261697453,0.452499782,
1986年7月,1.39E-05,1213.679099,156.1846558,-64.69886093,0,17.94627165,0.05966042,0.316089129,
1986年8月,1.64E-05,1287.735038,93.62268742,-51.99464342,0,16.95521098,0.37654309,0.499473591,
1986年9月,0.007995706,840.2901166,61.05562379,-58.8208593,0.009868626,10.06080063,0.616480679,-0.799455227,
1986年10月,6.006939253,349.9476799,40.89976852,-45.67314476,10.66108636,1.192524616,0.941243804,0.266643901,
1986年11月,0.504274542,0,22.43829972,5.637992561,22.25010458,-10.84503857,3.611672748,0.486368575,
1986年12月,0,0,10.69456099,40.90610029,10.59631886,-18.92611582,1.932538659,0.945854248,
1987年1月,0,0,16.36572583,31.82484071,16.28438448,-21.83750423,3.011380129,0.835822232,
1987年2月,0.065053959,0,15.30726817,12.92304268,15.14597468,-19.31908801,2.35431175,-0.295498689,
1987年3月,3.249049236,0,28.29598058,22.51578802,27.99878164,-13.66000321,1.932488388,0.214916276,
1987年4月,84.94553203,962.4378609,31.53660329,23.19180305,18.10048412,0.122414885,1.412596559,0.69035552,
1987年5月,7.021589786,1524.002895,51.28221149,-75.54921867,7.926677675,10.62721267,2.346385522,0.162794541,
1987年6月,1.578601104,1670.162975,35.40872811,-90.08338724,1.703317167,16.28691356,1.361443699,0.267695616,
1987年7月,1.48E-05,1547.533317,91.70459823,-51.77206482,0,19.33960999,0.794459562,0.457989029,
1987年8月,2.12E-05,1087.940571,101.3166534,-70.35488659,0,18.25836959,0.743458814,0.495507964,
1987年9月,0.147028749,1023.936566,64.67152512,-46.92132971,0.171850547,11.91397586,1.469313225,1.002695234,
1987年10月,9.569668634,514.0980458,48.03185914,-15.47934615,15.57956342,2.342150584,2.270301125,0.583190617,
1987年11月,0.620919652,0,7.625756228,-37.00601798,7.269604367,-8.093185483,3.363880425,-0.002618152,
1987年12月,7.74E-04,0,4.567574775,11.48252863,4.49140022,-12.89888953,4.604344065,0.306185065,
1988年1月,0,0,5.176529691,-2.921161383,5.090966088,-17.35966243,4.530318467,-0.214621599,
1988年2月,0.015834249,0,8.93180048,-36.54190785,8.842436715,-16.18729297,2.789563664,-0.781131936,
1988年3月,4.560862849,0,9.796413149,-96.01083271,9.604435941,-7.812463093,2.985074443,-0.773660786,
1988年4月,20.23416076,947.3244713,30.96537524,-67.89159796,28.57520331,0.099079196,3.166428047,-0.86442618,
1988年5月,1.500421648,1468.657193,28.2840954,-109.1655116,0.487294646,10.40267725,2.515085317,0.270762222,
1988年6月,0.005081234,1671.34337,32.17948821,-113.6802417,-1.65E-08,18.22917791,1.789081261,0.690517274,
1988年7月,2.01E-05,1492.070205,76.3506687,-95.84660502,0,22.51659234,0.935869589,2.074305774,
1988年8月,3.30E-05,1121.240917,74.69479733,-66.36773986,0,18.22972856,-0.173712226,1.217646033,
1988年9月,0.002058392,857.9641496,34.54319243,-76.07911642,0.00423669,11.74596283,1.157349172,-0.123323267,
1988年10月,0.120972268,669.9443024,16.41151268,-41.15779282,0.371762099,4.073093278,2.718217447,0.198184065,
1988年11月,0.109002941,0,1.24339387,-32.66016972,1.196970402,-5.54629401,3.925898893,-1.296015643,
1988年12月,0.001696013,0,8.36151137,-21.13271144,8.280955432,-14.13911619,3.037564867,-0.109077989,
1989年1月,0.010746717,0,4.611973254,-10.56158297,4.546536377,-15.8106424,2.359355903,1.020262166,
1989年2月,0.55493716,0,14.24422231,-19.68781748,14.17196811,-12.61936604,1.516484429,0.381844396,
1989年3月,7.575439612,0,11.49825816,-33.36674227,11.12428828,-6.49079809,2.917190256,-0.520839784,
1989年4月,1.279127815,1164.341182,10.77243072,-105.0372324,0.921337524,6.630088962,2.476128075,0.708898025,
1989年5月,3.238531241,1642.431154,31.31460357,-134.4471823,3.748335938,13.35304705,1.511258944,-0.399965839,
1989年6月,0.006272227,1517.502967,48.93338685,-133.2931373,0.006469623,17.79656292,1.898153495,0.19072944,
1989年7月,2.96E-05,1465.93002,68.92011459,-100.6459116,0,19.94272622,1.094891415,0.98692295,
1989年8月,1.50E-05,1471.730229,50.90800026,-122.5003804,0,20.47216029,0.29700831,1.007316024,
1989年9月,0.936182483,878.4538319,71.81581682,-73.52558372,0.991206271,10.81778179,1.577998014,0.509080532,
1989年10月,7.768071008,627.218271,32.4736967,-14.62903614,10.26671075,2.312395584,2.484000978,0.26198346,
1989年11月,0.479137354,0,10.0639771,-27.86145435,9.889712773,-7.740984108,2.417947723,0.394774426,
1989年12月,0,0,14.33164484,11.88862152,14.22511826,-16.71585644,1.949576761,0.537101786,
1990年1月,0,0,10.49802372,21.71507099,10.4002666,-23.7673783,2.021334292,0.771577847,
1990年2月,0.3862346,0,13.05122635,25.1130613,12.96912486,-13.57502852,1.587050682,1.991766393,
1990年3月,41.34529885,2.002316043,24.02966946,17.4665375,22.77305407,-6.956759513,0.350638053,0.637760954,
1990年4月,7.684272013,844.9118617,23.96725692,-89.02025468,7.581196911,2.373604759,2.478779262,-0.733230092,
1990年5月,0.705534462,1434.994355,38.31759424,-119.6594398,0.764251553,10.93494386,1.359181772,-0.614374064,
1990年6月,1.31E-07,1539.220426,43.27240038,-100.0897862,0,16.82562665,2.431370941,0.992548316,
1990年7月,4.65E-05,1238.285179,172.2020927,-46.51617538,0,19.15992597,1.034570044,1.977306656,
1990年8月,1.98E-05,1145.668532,93.60143344,-48.53630524,0,17.63877683,1.354954726,1.287272723,
1990年9月,2.367634203,906.6660716,40.17704153,-53.11203863,2.405222116,11.42456875,1.431647947,1.283847013,
1990年10月,0.017326129,685.6352714,6.6201201,-31.94453098,0.034800073,5.203773877,1.762792487,0.673541897,
1990年11月,3.261951045,0,21.93034056,0.821621149,20.16968667,-6.243116079,2.299678414,0.766406478,
1990年12月,0,0,8.4207246,35.881795,8.343883294,-17.25696827,2.941537288,0.484404508,
1991年1月,0.009181619,0,3.646220383,6.951473338,3.551793875,-19.53552173,1.959345844,0.33425789,
1991年2月,0.169045418,0,14.92006541,6.825720321,14.83522352,-17.08221746,1.931135183,-0.107138031,
1991年3月,15.68364951,0,28.33583356,-1.401576239,28.19150605,-10.82494506,0.735678395,0.60303772,
1991年4月,28.14106014,736.4724085,36.00793751,-52.08936785,18.48355675,0.858592521,2.752704106,0.019684699,
1991年5月,4.401287538,1469.060732,27.4982411,-83.00254115,1.099641426,11.12847911,1.607557334,0.513085785,
1991年6月,5.45E-06,1384.848106,98.72745141,-67.84846915,0,14.90358833,0.842702382,-0.523661544,
1991年7月,2.85E-05,1353.52661,166.6172453,-59.01491987,0,18.54434869,0.731147227,0.8055035,
1991年8月,1.69E-05,1445.54546,26.62931501,-56.38205378,0,20.51523261,0.179831443,0.947208996,
1991年9月,0.01156378,963.6261842,56.2295377,-73.49922317,0.011156231,12.37851255,1.320870718,0.873057117,
1991年10月,3.746088269,504.0447768,46.88359141,-23.08794502,19.01756341,1.566562706,2.472667124,-0.17018679,
1991年11月,5.703695927,0,3.901926176,-4.016223076,3.804030527,-7.516845259,3.777608934,0.46598947,
1991年12月,0.010727716,0,12.19494846,-7.219180097,12.10721866,-16.28782312,1.880385528,0.389566601,
1992年1月,0,0,10.08465041,14.22182932,9.978589389,-18.40987711,2.466652798,0.55645328,
1992年2月,3.878788512,0,7.625138824,28.07625972,7.531008717,-16.3989075,2.986958933,0.078701577,
1992年3月,20.71025627,0,36.46292115,15.71049373,34.12105168,-10.78868622,0.801553361,1.018165925,
1992年4月,16.66322728,1044.419236,15.78458404,-83.69735495,6.23634922,2.7388548,2.549608399,-0.082627909,
1992年5月,0.934550579,1306.707069,93.43097451,-61.87523728,0.867719991,10.76802796,0.2252762,-0.059476231,
1992年6月,0.013261408,1432.593534,89.62145659,-75.87925855,0.015770077,14.165724,0.720252507,-0.208800527,
1992年7月,2.80E-05,1446.774443,116.413199,-49.64852694,0,18.02431612,0.258487523,1.1846817,
1992年8月,3.27E-05,1197.262614,77.35391897,-40.27378813,0,17.22431915,0.772708692,1.879288596,
1992年9月,0.012481875,997.2802734,31.81847318,-57.07290853,0.01344937,11.60451469,2.583801749,1.152540685,
1992年10月,1.287116743,394.501729,15.94370506,-39.0578928,7.763335577,1.290909743,0.784603894,-0.619346,
1992年11月,1.377715711,0,47.0001899,51.73572314,45.03768609,-14.91153998,2.719388277,1.300346983,
1992年12月,0,0,5.334704035,43.63686475,5.242504549,-18.62267735,3.252044146,1.777133788,
1993年1月,0,0,7.651990735,12.64308088,7.523592401,-20.71943818,3.142855846,0.408113217,
1993年2月,0.865174876,0,20.55561978,15.61216569,20.4451232,-14.66063883,2.468026374,-0.032430796,
1993年3月,50.9181248,0,13.15570505,20.93298944,10.12094512,-8.807049178,0.896777025,0.332357547,
1993年4月,23.65679354,975.6780056,25.17408731,-57.73030017,14.55650684,0.325459945,1.986820755,-0.486838679,
1993年5月,7.77040173,1649.540008,34.8986092,-65.75109214,4.041344693,10.8963655,2.198078753,0.45415988,
1993年6月,0,1482.444133,61.59850838,-99.86941874,0,17.68972278,1.063954158,0.258768567,
1993年7月,1.27E-05,1181.979654,134.8637201,-64.8871241,0,18.60784158,0.381708756,1.142128264,
1993年8月,1.90E-05,1173.786216,69.75808579,-57.32128788,0,16.57852258,1.309924696,0.483766404,
1993年9月,7.378365532,1116.743032,48.7931742,-52.84444117,9.693778317,12.34856375,2.449997385,0.913989743,
1993年10月,1.795823437,618.2752392,15.41476005,-45.96571709,6.111685375,2.429879944,2.347916484,-0.190931878,
1993年11月,5.034583955,0,22.92951537,27.95344298,22.54429438,-11.9433672,1.879611705,0.849396333,
1993年12月,0,0,12.94750344,63.30839998,12.86427689,-18.94787933,3.767247323,0.629279586,
1994年1月,0,0,9.896266031,37.8149219,9.791434518,-20.11849505,3.268252276,0.580588854,
1994年2月,2.35584587,0,6.178809688,11.02419939,6.086213982,-15.69009542,1.639887908,0.791894355,
1994年3月,21.35552688,0,7.812611886,-9.363187174,7.627383863,-9.535719898,2.332667021,-0.611964488,
1994年4月,1.622949158,1181.263981,7.749734493,-82.60624693,0.428752654,6.503981761,2.106491101,0.395230832,
1994年5月,7.585289565,1699.844954,31.43613108,-111.7272851,10.98001799,11.84753805,2.211022525,-1.570442549,
1994年6月,4.79E-05,1554.688959,37.29457453,-105.4395619,0,20.08192775,0.53493553,0.861507488,
1994年7月,3.30E-05,1421.548597,92.8648856,-87.00077298,0,22.09564177,0.57460411,1.605002039,
1994年8月,2.48E-05,1183.223337,87.71796308,-55.13797923,0,19.00358295,0.648800954,1.648620031,
1994年9月,7.41E-04,1000.790414,31.71783013,-86.18766283,8.17E-04,11.57582221,2.106752984,0.27593144,
1994年10月,6.389719057,520.4177724,27.24101499,-40.92569062,8.444884954,1.958947945,2.623317512,-0.165143676,
1994年11月,2.016138863,0,7.859936071,-14.7262886,7.120920975,-3.022180434,2.409206083,0.907045587,
1994年12月,0.001103591,0,9.060766413,-4.952480634,8.979105417,-17.17252493,2.854154515,0.591197862,
1995年1月,0,0,4.773941184,7.192548477,4.686237932,-18.34401251,3.821818577,-0.05500567,
1995年2月,1.658853351,0,4.495971271,-36.11890295,4.413088958,-13.88326915,1.556439081,-0.371664159,
1995年3月,7.176245406,0,18.12658689,-85.8390712,15.2615683,-5.355996564,2.443941255,-0.338108641,
1995年4月,8.07937567,895.1510253,18.21036546,-107.9474954,9.943667523,2.452016838,4.146849569,-0.241207172,
1995年5月,1.038434842,1548.970696,21.9727618,-155.7662552,1.448299608,9.6598351,2.857697017,-0.726185723,
1995年6月,0.008973252,1496.433341,57.56761101,-115.3193248,0,18.5234874,0.470518768,0.639145506,
1995年7月,2.47E-05,1425.063144,79.74215774,-89.64826552,0,20.59222972,0.337244554,1.183058038,
1995年8月,1.69E-05,1206.551942,91.70437818,-64.13835845,0,18.75783804,0.007869509,1.115647199,
1995年9月,5.432919626,920.3907358,34.73014977,-83.70716108,5.536001389,11.67166375,1.516324375,0.340634634,
1995年10月,7.734927634,565.8963731,82.89049019,-31.58543146,13.38280808,3.093281567,2.258101153,0.323455253,
1995年11月,2.786526444,0,3.636204236,-16.03339128,3.56606293,-5.541204003,3.399588596,-0.376729963,
1995年12月,0.010565205,0,7.578691384,-10.49695764,7.507618258,-14.77479264,2.763301939,-0.270782314,
1996年1月,0,0,7.089111701,10.21510807,7.027344009,-19.56068037,3.345194279,0.002841916,
1996年2月,0.596270224,0,3.183289955,-41.41315655,3.128489952,-16.19344995,3.082827014,-0.942694797,
1996年3月,8.676340926,0,20.8732003,-52.89575897,20.74207859,-8.12585595,2.321824866,-0.327775384,
1996年4月,6.43890745,1021.111283,16.00747111,-78.99435135,10.4163791,2.622333764,3.087304572,-0.393706138,
1996年5月,6.544677323,1486.524825,29.10187275,-101.7401178,6.95195429,12.42530039,1.217895013,-0.32523923,
1996年6月,0,1540.29113,91.11545084,-109.1637488,0,16.83126421,1.910069795,0.163706701,
1996年7月,1.64E-05,1238.038327,81.39351811,-61.31397295,0,18.59328536,-0.268561769,0.932522452,
1996年8月,2.05E-05,1066.3669,115.7154385,-40.20669926,0,16.37032688,-0.203250069,0.999137094,
1996年9月,0.070304356,1026.202992,34.24069272,-64.75430757,0.070264726,11.62186029,1.085153219,0.950239267,
1996年10月,3.720584378,482.2662002,34.10242281,-44.17790354,10.876924,1.730638441,1.770009097,0.619156024,
1996年11月,3.182249068,0,18.72604435,4.732639892,14.91280737,-10.71020472,3.653078681,0.05195382,
1996年12月,0.024384358,0,12.96796711,39.87220326,12.89803985,-14.85905565,3.569748121,0.607902023,
1997年1月,0,0,4.28205064,25.47917121,4.197316101,-23.34675776,2.005174449,0.141760424,
1997年2月,3.203838456,0,9.31027851,19.49019294,9.241888806,-16.53654838,2.013073512,0.233983845,
1997年3月,10.22392035,0,8.381199609,-88.03938753,5.370513329,-2.614659407,1.377171434,-0.302531845,
1997年4月,23.17011941,975.3707278,33.53080014,-20.11990964,29.04329643,-0.19515172,1.514023925,-1.157962067,
1997年5月,13.86067926,1471.187535,76.65450949,-87.79838976,15.42373522,10.22004874,1.68019967,-1.108227384,
1997年6月,0.004678649,1659.297258,28.81232892,-65.69837572,0,17.44693232,0.886585032,1.221393343,
1997年7月,2.61E-05,1547.070752,145.6501949,-92.28719937,0,22.13569619,0.631034994,1.297043441,
1997年8月,3.12E-05,1348.526755,60.46856408,-31.42736145,0,18.7341915,1.740799755,0.911401127,
1997年9月,5.0858427,926.704624,56.76694825,-50.41547795,5.321140925,9.815723059,1.420509067,-0.125373917,
1997年10月,2.220050063,541.1421472,20.67371293,-57.28228285,3.778135358,1.860972936,3.395396066,-1.561308204,
1997年11月,0.961831301,0,6.024057499,-26.23880191,4.381750801,-5.561061414,2.003272403,0.675128296,
1997年12月,0.03110565,0,5.197494707,5.551280593,5.137417189,-13.50222473,2.781775897,0.913476028,
1998年1月,0,0,7.839974161,-20.19260811,7.753787548,-19.60955585,2.513265531,-0.263388543,
1998年2月,4.799732302,0,6.336008942,-20.92190312,6.185738266,-9.442720839,1.297864627,0.220816221,
1998年3月,7.084657255,0,18.97363303,-77.44513586,12.28244261,-3.354676816,2.126089996,-0.295176166,
1998年4月,5.03594078,1108.586088,61.6623301,-39.08773617,5.592658676,7.345640581,1.160496026,1.626116714,
1998年5月,0.868441326,1572.435883,59.59961381,-79.04045631,0.950899614,11.77750029,2.387477953,0.715711645,
1998年6月,0.001015179,1435.885854,78.80888665,-65.1012726,0,16.26060231,1.301328152,1.525695395,
1998年7月,4.14E-05,1180.933285,196.6843506,-41.9642645,0,18.97546396,0.612040359,1.127786715,
1998年8月,1.66E-05,960.493462,87.19738646,-52.62677708,0,16.3709224,0.8759245,-0.152676428,
1998年9月,9.29E-06,1003.680788,26.61594376,-31.55212149,0,14.05589134,1.505263151,1.241312564,
1998年10月,2.402616195,614.2226297,11.58982871,-31.71056172,6.156648099,5.390657615,2.723052492,0.890751036,
1998年11月,3.423449463,0,21.6267855,-10.23314992,20.60549782,-8.68958493,1.886893105,0.038033178,
1998年12月,0,0,8.534084952,57.80504625,8.474507602,-18.62807694,3.316980438,1.316958659,
1999年1月,0,0,2.069205696,35.86853184,2.000290763,-20.19287179,3.591243188,0.242633984,
1999年2月,0.948911555,0,4.427836716,-4.100417963,4.346868311,-13.89502525,3.358444503,-0.704668053,
1999年3月,10.79725605,0,25.76580579,-100.4616043,23.66444238,-5.691831409,1.577700378,0.228807407,
1999年4月,17.17644277,996.7903981,21.50893813,-44.36033877,13.74587783,3.723523543,1.448823889,0.112272492,
1999年5月,0.201867721,1481.535923,32.12131971,-113.5977246,0.002261078,12.73440437,0.886100523,-1.318680904,
1999年6月,5.91E-07,1603.692143,72.0458234,-84.48905724,0,18.38024942,0.123454682,0.363382129,
1999年7月,2.26E-05,1484.492288,150.6484984,-44.6969635,0,20.79914409,0.049636199,1.074649961,
1999年8月,2.37E-05,1387.445485,48.50076665,-71.09478444,0,18.91149182,-0.085574346,1.447345416,
1999年9月,1.998897036,1013.253703,81.01122989,-71.14956369,2.054044897,12.83327812,0.776038358,1.135976958,
1999年10月,0.795099032,637.1668355,9.704337945,-46.31202346,1.864600251,2.567209314,3.728606512,0.400525948,
1999年11月,4.569404144,0,35.23541103,15.92701911,21.99143813,-7.215200307,2.794792801,0.507433187,
1999年12月,0,0,9.894398867,52.64460993,9.801814099,-19.31562507,2.670521008,0.801417526,
2000年1月,0,0,16.62443122,22.83111574,16.51357261,-25.02966417,2.198597323,0.240189363,
2000年2月,0.016684694,0,6.652869586,10.01695006,6.576162612,-19.60771242,2.604181071,-0.0597721,
2000年3月,22.04792649,0,5.251421655,-23.26688761,4.948532673,-7.128345175,2.489038444,-0.589486787,
2000年4月,5.072096485,1109.870655,22.09165524,-88.36261959,7.266319069,3.211784631,2.629293621,-0.787342986,
2000年5月,11.93921803,1518.244182,88.29862922,-65.73317151,12.25313334,11.33672412,0.421735318,0.470163537,
2000年6月,6.76E-06,1671.532047,37.72988737,-78.1380456,0,19.22931629,0.817841778,0.7008206,
2000年7月,1.76E-05,1806.197362,42.03609084,-93.71182591,0,23.58160657,1.532323212,0.826066962,
2000年8月,2.69E-05,1207.619188,94.43860829,-81.80885729,0,19.64977431,0.450237802,2.17901753,
2000年9月,7.29E-06,1001.017563,37.76505171,-69.77077887,0,13.26817354,0.722104815,0.959818096,
2000年10月,0.782138855,358.7693446,53.93802745,-55.10080271,2.964473866,1.580430617,2.550399658,0.547125374,
2000年11月,0.874519984,0,15.68397724,-21.57250743,14.28514768,-10.34888753,3.191894842,0.985304081,
2000年12月,0,0,16.87155433,35.2323651,16.78390038,-18.44598579,3.039241411,1.091700538,
2001年1月,0,0,10.87272235,37.47678923,10.77838104,-25.16445584,2.552761974,1.063051254,
2001年2月,2.286310982,0,7.120164789,14.25889904,6.973133474,-18.78362132,2.377691892,0.239090491,
2001年3月,17.45820422,0,12.85759169,-7.368492606,12.10315733,-9.170765659,2.945924818,-1.29431415,
2001年4月,8.181099068,1066.492031,11.8699751,-80.65447813,4.399688083,4.549794483,2.897546444,0.370861026,
2001年5月,2.328624551,1646.049908,30.52838724,-131.0598667,2.431604162,12.47587884,3.227653113,-0.375584661,
2001年6月,4.20E-06,1389.021263,61.50496656,-100.2753551,0,19.81548173,-0.29221246,0.917951761,
2001年7月,1.39E-05,1617.11532,57.58237427,-110.344734,0,22.21583135,1.295511992,1.059394436,
2001年8月,1.60E-05,1278.616759,40.25914012,-108.954261,0,20.22475499,0.153617334,1.286153485,
2001年9月,7.74E-06,1038.217483,54.18441198,-90.56506495,0,14.37641523,0.99273541,1.226785062,
2001年10月,2.308661874,560.0090068,33.70431585,-37.08032367,4.920497535,4.593713574,1.259396715,0.796498464,
2001年11月,0.914394318,0,4.535548231,-25.80573562,4.475053001,-6.605025477,2.928924734,-0.310465701,
2001年12月,0,0,2.571034745,-28.50355566,2.510695241,-16.93833036,3.168297363,-0.051984421,
2002年1月,1.27E-04,0,5.350757251,-1.793355846,5.264047624,-13.37495962,2.828599727,-0.23338764,
2002年2月,1.718055849,0,4.957492296,-46.47781244,4.8980487,-8.945850796,2.334329964,-0.282466691,
2002年3月,8.493483565,3.162541214,21.44866942,-83.47212062,15.14872361,-1.983841832,3.507508275,-0.202660748,
2002年4月,7.172584119,955.8566948,40.26672404,-79.07314041,10.68677919,3.219301661,2.707253981,0.255012948,
2002年5月,0.053406448,1550.120016,16.48822862,-123.4118988,0.05411934,13.04385372,1.469950133,0.035511686,
2002年6月,0.033987836,1464.998247,114.8568687,-87.14008992,0.032755328,17.06923258,-0.320346817,1.120573344,
2002年7月,1.49E-05,1494.249522,55.43624116,-82.19133188,0,20.6567869,0.10530849,0.129223442,
2002年8月,1.20E-05,1358.350109,32.74751928,-114.3438492,0,20.40376633,0.09948561,0.733526666,
2002年9月,0.301510881,1032.721271,34.2482101,-119.9769812,0.444756284,14.17484005,1.2802263,0.145961303,
2002年10月,5.197225603,155.3052191,33.12106037,-46.44753565,17.4965171,-1.371619755,2.144639367,-0.146356021,
2002年11月,0.578340761,0,9.421574286,1.952885956,9.277726521,-12.90003121,3.137099872,0.093454203,
2002年12月,0.045018754,0,9.697649871,11.03182566,9.61132789,-19.84784844,1.426546814,0.433007287,
2003年1月,0,0,6.939932921,12.30489645,6.822353465,-19.93847615,2.419463636,0.415732431,
2003年2月,0.63871516,0,11.1384694,7.24125951,11.04139521,-14.27782495,2.052099089,1.288887876,
2003年3月,21.09238154,0,27.66086582,17.4830506,27.38731916,-10.77518914,0.090909296,0.31578541,
2003年4月,39.19452564,952.5832891,36.23207486,-18.20070183,30.19558494,2.84785018,1.680227201,0.51437509,
2003年5月,3.770825035,1393.789111,88.81229354,-66.64916208,4.595998395,11.42066771,0.14236004,0.770167831,
2003年6月,0.044143401,1532.735746,84.34389882,-79.11116749,0.04327927,16.08673074,0.648243529,-0.111421693,
2003年7月,2.73E-05,1430.262903,122.7696996,-50.55619738,0,19.47940484,0.70664219,1.599412503,
2003年8月,1.94E-05,1397.834387,56.90602547,-67.15020568,0,17.54087951,1.751947555,0.966198077,
2003年9月,1.09E-05,990.8090873,50.82322266,-62.07038685,0,13.33070737,1.169785506,1.169873732,
2003年10月,5.112303364,590.8562284,21.32125949,-33.11493466,7.195049794,2.396004001,2.417865163,-0.279584205,
2003年11月,1.126867158,0,13.32553708,-16.03122498,13.01791116,-6.783397132,2.843411214,1.12551083,
2003年12月,0,0,4.676000323,15.61227618,4.609153399,-16.33720931,3.549541347,0.163551544,
2004年1月,0.015633992,0,2.938472982,-11.37254071,2.860104342,-18.11413405,2.375724766,-0.339209829,
2004年2月,2.852700391,0,20.46377078,10.28021467,20.17355752,-12.63607008,3.40715642,-0.561257847,
2004年3月,9.581327208,0,13.49992294,-62.52269829,10.578431,-6.039438989,3.274804034,-0.511224412,
2004年4月,6.003394125,1135.320129,11.69567195,-85.24064459,7.587887222,5.860710653,1.45351255,-0.383356613,
2004年5月,9.759161122,1710.801994,35.87778012,-122.6127315,10.56530703,11.24532768,2.751770001,-0.523898876,
2004年6月,5.52E-07,1554.953325,55.02580221,-109.9980066,0,20.0319066,-0.529770942,1.035162754,
2004年7月,2.31E-05,1510.410326,72.73874025,-85.26944089,0,19.61082575,-0.246281874,0.303658604,
2004年8月,2.05E-05,1298.826972,194.3225414,-54.48297828,0,16.84842329,0.105955239,0.956351771,
2004年9月,0.151623281,1056.451612,88.10698917,-41.96871494,0.380270179,11.88031598,1.735085506,1.056158647,
2004年10月,1.116487357,648.7884359,18.27559223,-22.25871006,8.97628633,3.632314472,2.307644453,0.693982997,
2004年11月,6.571983839,0,6.053888533,-10.75056457,5.290745893,-6.530601257,2.993690901,0.515739298,
2004年12月,0.42801681,0,13.20553349,-1.094533001,12.98272409,-15.51354612,2.373329524,0.54079266,
2005年1月,0,0,3.545599804,8.032653485,3.471026578,-19.08510035,2.999215699,-0.510350409,
2005年2月,0.095612748,0,11.97871749,-5.872556183,11.90486038,-20.45837017,2.148125388,-0.361940595,
2005年3月,4.89059826,0,5.666685301,-70.94059379,5.59205412,-6.516110377,2.496743332,-1.801373433,
2005年4月,2.398756228,1162.384045,8.113256098,-99.55956215,3.59047354,4.564485236,3.735971933,-0.645306031,
2005年5月,5.949352883,1505.650261,37.73393265,-103.812117,6.598641404,10.88911897,1.626389043,0.244921423,
2005年6月,1.45E-07,1653.322863,61.56610478,-115.4715309,0,19.084115,1.275909956,0.066127933,
2005年7月,1.46E-05,1514.32037,53.62931508,-95.76226574,0,21.0143573,0.619971196,0.108650008,
2005年8月,1.32E-05,1304.523989,60.81427051,-67.10590855,0,19.52377513,-0.315211125,1.033447112,
2005年9月,3.22E-06,1053.31183,26.72779394,-96.59189498,0,14.41440121,1.49519982,1.103618549,
2005年10月,0.98717713,719.9991797,5.610817773,-41.30498166,2.175526757,5.174434249,3.268345649,0.559973655,
2005年11月,0.451752643,0,5.981660056,-35.21201671,5.914890882,-4.257130732,3.593949378,0.243722515,
2005年12月,0,0,8.909312247,-12.44937483,8.806310866,-19.76177921,3.092142476,-0.540464183,
2006年1月,0.001145232,0,5.24417986,9.531340557,5.202288987,-19.31529932,1.963345554,0.916845295,
2006年2月,1.618333762,0,8.878035737,-6.40783284,8.779674264,-15.20966608,3.112793819,-0.082158414,
2006年3月,3.86827089,0,4.667367059,-115.6618305,4.296280942,-3.947078756,3.132162957,-1.022322451,
2006年4月,6.499437137,838.0203458,12.46427651,-119.7880727,7.870109918,3.668873529,2.377122233,-0.548133289,
2006年5月,0.207768918,1576.272602,43.12663393,-135.2795432,0.231006834,13.03196375,1.05718832,0.761162388,
2006年6月,1.62E-06,1563.008476,62.7135044,-98.82549589,0,17.57789755,1.13175048,0.118353668,
2006年7月,2.38E-05,1511.046996,94.39336781,-66.22315649,0,19.5821742,0.663694118,0.856038661,
2006年8月,1.72E-05,1421.339445,52.57987482,-84.65793551,0,20.99770984,0.60092041,1.537783302,
2006年9月,42.86366739,1077.459284,73.09702774,-32.62035169,43.36077008,12.00885939,1.280324382,0.944191856,
2006年10月,2.009460593,665.5007157,30.82622242,-36.42819381,2.136143388,6.153017284,1.536969733,1.073854967,
2006年11月,0.676083726,0,11.23704375,-23.14885987,10.93003797,-6.674096826,2.968170997,-0.267210364,
2006年12月,9.57E-06,0,3.478775095,-1.780623202,3.394622838,-14.83041023,2.549755563,0.628447763,
2007年1月,0.083569387,0,5.695932988,-13.12712498,5.622035111,-16.64509661,2.351639906,-0.021055874,
2007年2月,2.96889424,0,4.947321879,-11.6633746,4.89412946,-7.830145603,2.64204776,1.014492557,
2007年3月,9.875291688,0,29.92741386,-34.35892828,24.60477453,-5.601118031,2.172283634,-0.659152795,
2007年4月,3.617016196,990.1260474,11.49922288,-100.7984786,3.389846458,3.557891346,1.712570334,-1.523865631,
2007年5月,8.073057776,1752.598054,33.47195193,-117.9178045,8.877097832,12.16789891,2.504753166,-0.163239042,
2007年6月,0,1782.909111,19.2393758,-133.4150241,0,22.92420603,0.805975649,1.140739119,
2007年7月,2.81E-06,1570.255392,41.54223752,-141.1781129,0,24.04922625,-0.262020592,0.170065907,
2007年8月,2.26E-05,1411.703997,62.14178994,-98.42167376,0,20.43327356,0.322360695,0.954228849,
2007年9月,7.90E-07,988.9410374,33.21194087,-93.61981674,0,16.06225877,0.154676185,0.389025697,
2007年10月,4.500319957,544.9699236,12.03333331,-68.15184626,7.785837955,3.695179096,2.264675639,-0.047509943,
2007年11月,1.714974917,0,3.448640717,-28.35504538,3.110822121,-5.787362497,2.698413402,0.089781606,
2007年12月,5.78E-05,0,12.57391905,5.011088634,12.49381974,-14.5839878,2.788150339,0.294138542,
2008年1月,0,0,2.587839031,-7.270350116,2.518307831,-20.57470783,2.533134227,0.103812832,
2008年2月,0.171061603,0,1.08925033,-40.09567786,1.033120197,-14.80316534,2.679834971,-0.537625221,
2008年3月,6.802306541,3.230896663,20.36306922,-88.14236387,16.84201849,-1.262625428,1.974628749,-0.610040502,
2008年4月,17.93630564,1086.027519,42.30793936,-17.6873424,20.80989726,4.63543701,1.99911507,0.569061415,
2008年5月,6.711141245,1499.729811,30.07358766,-147.5471779,7.641330452,10.47593353,2.565141793,-1.11022289,
2008年6月,0.136033452,1341.363603,83.69645684,-106.2262264,0,18.41227292,0.083885973,1.787012155,
2008年7月,2.17E-05,1528.96304,49.44863938,-111.9046543,0,23.40110089,0.449579596,0.81357578,
2008年8月,2.52E-05,1406.980812,113.4363635,-71.90729849,0,18.61281028,0.382560948,1.373036874,
2008年9月,9.40E-06,1096.024785,20.2639152,-79.98155948,0,13.31293593,1.838282517,0.93925778,
2008年10月,4.641916875,701.3614154,21.43496066,-42.10465674,10.48898445,3.978900541,2.913566555,0.565230537,
2008年11月,1.155315038,0,13.50215674,26.85725854,13.05134069,-7.290980416,3.298049978,0.075813772,
2008年12月,0,0,7.452283556,12.95151863,7.374758883,-15.30011979,3.909087092,-0.196547862,
2009年1月,0.044224129,0,1.401805142,-11.44202011,1.329943684,-18.24495706,2.983901627,0.08391753,
2009年2月,0.603735624,0,3.848236049,-49.90088282,3.789342681,-11.02931152,2.845839207,0.148427053,
2009年3月,2.55361682,0,11.65757717,-128.8195349,10.87324367,-3.333296975,2.516266475,-0.512440776,
2009年4月,15.35094251,1090.276992,63.61195914,-52.90789989,15.53826732,5.361008481,0.822038908,0.086237005,
2009年5月,0.024517141,1832.888476,15.99403679,-113.934644,0.023550999,14.5694444,2.557206921,0.543382345,
2009年6月,0,1760.200402,54.37114811,-125.1200171,0,16.9134785,1.987393483,-0.791990354,
2009年7月,0,1631.654314,29.59988741,-149.3357067,0,22.43530547,0.575241866,0.380498654,
2009年8月,1.41E-08,1454.797957,51.49256144,-114.8621817,0,20.82529894,1.147316352,0.736962279,
2009年9月,5.77E-05,1129.517394,20.53318459,-116.9711887,9.03E-05,13.46754299,2.370988817,0.546406113,
2009年10月,6.94268339,635.9314998,23.21702537,-49.96616872,10.0189956,3.121727399,1.607217346,0.067466474,
2009年11月,0.36014768,0,8.231908339,-17.28566893,8.175500232,-9.432713184,2.869117005,0.384274809,
2009年12月,0,0,6.326258824,-6.154655155,6.246091742,-17.19277202,2.81363352,0.52438282,
2010年1月,5.11E-04,0,9.702814014,22.52241415,9.616959508,-22.52320423,2.819256835,0.268745472,
2010年2月,1.688192377,0,4.396359004,-29.18433223,4.331177571,-16.35926311,2.358138418,-0.028481373,
2010年3月,8.698834123,0,28.18823634,-20.64329353,24.9406561,-9.265099249,2.712561118,-0.32284784,
2010年4月,6.91399912,130.9872457,26.29685226,-116.2862106,13.64689287,0.488605343,2.028912336,-1.20034232,
2010年5月,15.75328375,1452.342308,103.3051393,-52.36464437,14.5742346,10.8595544,1.241453746,0.386034451,
2010年6月,9.97E-06,1714.806691,18.62345232,-105.4955348,0,21.11806982,-0.057322256,1.510312369,
2010年7月,2.28E-05,1657.728782,45.52898521,-138.9399534,0,24.25811901,-0.171994959,0.217583946,
2010年8月,1.36E-05,1481.259123,52.78035849,-118.8500801,0,19.63214198,1.669907366,1.321078897,
2010年9月,0.89320505,1058.034773,49.72057061,-104.8736755,1.029432377,14.44149814,0.588153246,0.875688161,
2010年10月,25.0073965,571.1753116,60.60581669,-6.337957863,30.51143903,1.139164548,1.581154197,0.16160677,
2010年11月,0.88146693,0,12.51391082,-4.422458889,12.3312912,-6.44909883,3.417622168,0.534681529,
2010年12月,0.062502362,0,8.722370859,3.148104443,8.645276139,-17.07984084,3.739012975,-0.732638266,
2011年1月,0,0,4.196194553,-13.81037698,4.090142961,-22.84007976,3.291879033,-0.819239125,
2011年2月,3.261577773,0,14.24609297,-4.760231111,14.16373455,-13.77518511,1.449121834,0.438805399,
2011年3月,2.953512471,0,2.514935911,-91.88364164,2.436304345,-5.527870035,2.989928815,-1.625528893,
2011年4月,4.789205493,1090.260507,14.98908906,-97.97762756,8.075357217,3.528066277,1.544963669,-1.321420354,
2011年5月,5.348869818,1603.476815,36.0994463,-126.929703,5.732027598,10.80503725,2.738979815,0.128498991,
2011年6月,1.58E-06,1712.127302,69.04859833,-126.6179274,0,19.6850142,0.228011972,0.658865168,
2011年7月,1.50E-05,1447.565195,118.9019139,-87.45583476,0,20.16379909,0.877927183,0.73371474,
2011年8月,2.12E-05,1458.693559,13.90156454,-100.9682839,0,21.75792226,-0.629387399,1.279523031,
2011年9月,0.073787396,1011.281029,26.41288772,-110.4325908,0.274401701,12.12698555,1.558528054,0.121886535,
2011年10月,5.585940863,628.1244069,18.12049234,-40.91741708,7.065820708,4.230354694,1.915368814,0.607540136,
2011年11月,0.715306721,0,13.35806101,-29.97731898,8.796835726,-6.170997149,1.787765553,0.601925217,
2011年12月,0,0,5.966123983,-0.731029733,5.874916273,-18.17581447,2.809300886,0.338542124,
2012年1月,0,0,5.043383016,-16.21727715,4.931929425,-22.85235,2.68473343,0.507771068,
2012年2月,0.275831974,0,6.416297787,-20.03731874,6.322646725,-18.24181547,3.20609719,-0.192922975,
2012年3月,10.67721897,0,26.288234,-9.769455407,24.86913542,-9.243585937,2.628283945,-0.481956338,
2012年4月,1.834627631,1132.590591,12.59850414,-102.9644622,0.481793069,5.077033345,3.21775133,0.003444871,
2012年5月,0.428511602,1734.359083,51.39095564,-115.4694809,0.527937707,12.91561112,1.905586339,0.532628416,
2012年6月,1.04E-05,1395.766417,109.6023359,-80.97795511,0,16.30734023,1.264607557,0.944025324,
2012年7月,3.92E-05,1428.357234,135.8190698,-52.70862101,0,19.4641424,0.115593344,1.14550591,
2012年8月,2.26E-05,1435.509546,48.66638232,-61.88958708,0,18.84414916,0.402343571,1.705087823,
2012年9月,0.136441929,920.7259992,71.1465485,-53.4100926,0.201667728,11.22817416,0.856107039,-0.032960038,
2012年10月,8.663313231,579.3410374,34.84537093,-23.69233384,11.75870068,2.273099735,2.75353246,0.578617834,
2012年11月,0.942012379,0,36.91289037,48.82416447,33.44896722,-14.07487608,2.420302203,1.157361707,
2012年12月,0,0,11.31084774,36.70913373,11.19212641,-24.17152862,2.762142747,0.659977504,
2013年1月,0,0,8.778543872,27.58754294,8.662311243,-21.83578451,2.677087217,1.447276354,
2013年2月,0.521021129,0,7.548129847,12.42025117,7.461438211,-19.06288826,3.560087839,0.344534838,
2013年3月,38.04651275,0,13.24676418,-38.53564305,12.96960426,-7.073715178,2.363559048,-0.62470788,
2013年4月,17.67203548,608.8839727,27.82972434,-48.03632144,25.09952459,-1.04757686,1.67411856,-1.435660207,
2013年5月,0.171108948,1778.673148,10.05208101,-102.0996277,0.013887538,14.24016989,2.317434394,0.926589765,
2013年6月,8.76E-07,1530.341327,99.00784682,-110.3294845,0,18.31957779,0.942941178,1.515490823,
2013年7月,2.52E-05,1552.552875,73.17759436,-52.53902288,0,20.10095495,0.88425567,1.051478572,
2013年8月,2.92E-05,1366.872216,77.63327704,-75.33267414,0,19.04080746,1.701813759,0.757607578,
2013年9月,1.45E-04,1100.957845,32.18414037,-69.77349608,1.61E-04,12.83980402,1.486054241,1.535121103,
2013年10月,2.745987578,604.6659268,14.68203607,-48.1546473,4.687504738,3.625823481,1.785512975,0.740162622,
2013年11月,1.586367105,0,8.544764792,-19.41831633,6.833226959,-5.951256381,3.540950242,-0.597301377,
2013年12月,0.020705546,0,6.609660863,-11.14427461,6.527585864,-14.65725852,2.885644073,-0.48414112,
2014年1月,0.006451125,0,3.574444446,4.644152966,3.5157185,-13.76433243,3.102817244,0.455011499,
2014年2月,2.962700726,0,7.695920812,-57.13113014,7.469782488,-12.21201226,1.649028661,0.433535409,
2014年3月,1.783830887,2.799372738,5.312599026,-91.59494897,1.893956388,-1.626865557,1.537062785,-0.515684025,
2014年4月,5.086271154,1168.825991,16.59361708,-101.0199107,5.499849835,7.889429791,1.383169475,0.116932039,
2014年5月,6.197949036,1520.317041,77.30549834,-73.40652581,8.201019421,10.42597208,1.810045063,0.018577618,
2014年6月,4.53E-06,1376.250277,75.14251838,-79.4611494,0,17.05259151,-0.3470909,0.580864434,
2014年7月,2.28E-05,1633.490792,70.21821877,-91.66035853,0,21.77137857,1.391470141,0.77288737,
2014年8月,9.98E-06,1377.271057,32.30904555,-124.2861838,0,19.66730694,0.505765877,0.456160616,
2014年9月,0.289422766,998.0443104,53.18486947,-103.2746935,0.541207768,13.19951049,0.735287618,0.658425825,
2014年10月,1.469050231,636.4785525,38.02476353,-24.24967902,1.569390637,5.050621633,1.423288837,0.97282007,
2014年11月,0.456762749,0,3.178273947,-23.2759053,2.794479645,-4.672536577,3.300328022,0.60181294,
2014年12月,0,0,5.258749967,-22.10509876,5.161694923,-14.57477826,3.843346808,-0.944782952,
2015年1月,0.076519557,0,7.001798371,-6.901602443,6.934650826,-13.75957803,2.268916452,0.286803646,
2015年2月,2.205882889,0,5.030916337,-43.0690598,4.928006229,-11.20441411,2.4250975,-0.30157956,
2015年3月,1.40548582,0,2.825059614,-110.5940403,2.398377,-2.943914321,2.691468286,-0.424683944,
2015年4月,22.68558169,1082.422694,37.17086021,-17.84212428,34.30761568,2.834103473,2.302623637,-0.370911462,
2015年5月,20.20140224,1634.817419,36.79284408,-103.5281254,21.56329374,11.14787652,2.664596605,-0.613241927,
2015年6月,0,1433.712006,81.69081925,-109.5449325,0,16.69271261,0.795310897,-0.657885139,
2015年7月,2.55E-05,1530.47844,79.45180006,-104.5209398,0,21.12399612,-0.352521901,1.681409095,
2015年8月,1.15E-05,1323.97261,36.89759666,-108.5198686,0,19.10125203,0.227808595,-0.28183763,
2015年9月,0.037883633,940.9167672,78.79049602,-62.36538052,5.103807422,12.55006822,0.943571476,1.069333051,
2015年10月,14.8359796,735.3028709,15.20164907,-30.3454182,12.71001045,3.050338864,2.710990256,-0.249221314,
2015年11月,3.901334311,0,25.46274621,-7.937556178,24.80316436,-8.368341818,0.512932589,0.922019605,
2015年12月,0,0,13.06306851,39.38553399,12.95876801,-18.13283441,2.331333513,1.119778726,
2016年1月,0,0,8.94225905,22.56272756,8.816404368,-25.13540641,3.048415001,-0.020164303,
2016年2月,3.508216591,0,10.31839359,17.84959179,10.21055193,-17.49266414,3.220654343,-0.247377854,
2016年3月,25.52306266,0,3.545643286,-25.49218588,2.047699103,-5.200383913,2.667590652,-0.110258362,
2016年4月,5.578600428,1059.465879,14.78598564,-92.0017689,6.376232935,5.208189445,2.465699201,0.100053728,
2016年5月,1.177185322,1718.11992,31.11790325,-133.0115915,1.577480475,12.9841114,2.594027679,0.235208248,
2016年6月,5.08E-07,1559.045259,55.5888599,-146.3120664,0,18.66126672,0.797027407,-0.358594694,
2016年7月,9.61E-06,1487.796188,88.77136403,-76.71333553,0,22.14635449,-0.35155512,1.804576318,
2016年8月,1.76E-05,1526.227423,39.48848838,-121.1900209,0,22.30889594,0.129859948,0.082576027,
2016年9月,0.506464544,884.6795657,34.14178882,-86.98843707,0.55581103,13.23201827,0.929538797,0.246079026,
2016年10月,16.09639499,419.3785444,59.72400922,-41.80631446,20.46120096,2.24977085,1.819016386,0.633016914,
2016年11月,2.195288115,0,10.30026484,-12.49177621,9.538180893,-7.533818243,3.178684278,0.43552298,
2016年12月,0.179269614,0,7.667737458,12.22069129,7.616287906,-13.41966826,2.360098473,0.408594132,
2017年1月,0.077879312,0,5.821977155,4.164838176,5.748289481,-16.51591259,2.51486217,0.009529286,
2017年2月,1.24126491,0,6.701029148,-34.35378453,6.6159812,-11.57815531,2.55032832,-1.10458395,
2017年3月,4.286004133,0,5.113911829,-119.2240194,4.791511989,-2.802899234,1.261765687,-1.526042334,
2017年4月,6.25447021,1112.670414,14.9244136,-93.92314165,8.022960939,5.310936351,2.494154596,-0.916665519,
2017年5月,0.869249128,1811.132529,16.10413732,-153.1270342,1.268653968,14.34523395,2.359729321,-0.526301375,
2017年6月,0.102980433,1655.306313,28.46230875,-152.8741312,0.103197897,20.15839494,-0.228080042,-0.098758602,
2017年7月,2.01E-05,1688.69491,50.26196974,-119.2585987,0,24.41529449,0.429141948,1.330931491,
2017年8月,1.88E-05,1297.658625,67.16175718,-111.9513467,0,19.47396043,0.836739452,0.575165254,
2017年9月,5.34E-04,1239.160354,34.79611377,-95.18733823,7.50E-04,14.35098808,2.544134328,1.086629556,
2017年10月,4.167791974,588.5379976,13.95340023,-51.37699454,5.706653493,3.594058502,1.675953135,0.578240491,
2017年11月,0.203894529,0,6.317276984,-33.09959627,5.766807313,-8.008728239,4.014207782,0.001699756,
2017年12月,0.021795528,0,5.35321612,-5.861850781,5.267791013,-15.41906939,3.395634302,-0.465704505,
2018年1月,0,0,4.0139613,-20.29949449,3.936119879,-19.15650857,3.388302513,-0.612299396,
2018年2月,0.31157948,0,4.279627928,-51.33200233,4.202614853,-15.34639434,2.89573046,-0.9558487,
2018年3月,4.546893742,1.373815842,15.07559155,-79.55011094,6.211328579,0.04419653,1.40302125,0.492503577,
2018年4月,10.64812468,1038.737354,31.53561143,-81.63177623,15.25943291,5.19166996,1.213000179,-0.242940232,
2018年5月,0.017007413,1534.543273,29.94652411,-134.3500628,0.00166203,14.94910676,1.35784021,0.661074958,
2018年6月,9.92E-08,1604.100072,21.19461351,-183.255913,0,21.75678256,1.254700962,-0.367948966,
2018年7月,3.08E-05,1455.072296,90.78035739,-104.6067805,0,24.17631275,0.82761556,2.124521325,
2018年8月,3.07E-05,1266.878408,105.5256044,-78.80893144,0,20.68770519,-0.141166581,0.635713606,
2018年9月,1.819565521,1070.324133,75.34657773,-54.47050085,2.562177707,10.62645418,2.616044575,0.678372567,
2018年10月,3.1804587,624.94115,12.05518999,-41.30058941,10.05412497,1.117789332,2.474037037,-0.359043627,
2018年11月,6.279940562,0,12.38906098,21.32421686,12.21523972,-9.2845498,2.430405002,1.177961121,
2018年12月,0.149715742,0,1.003905706,-16.31440902,0.951687774,-16.09188554,3.776665836,0.185729291,
2019年1月,0.035420292,0,0.97206767,-4.240230371,0.925865195,-14.88263497,3.633002809,0.192938784,
2019年2月,1.161070435,0,7.588028227,-57.77048523,7.52710376,-14.02316869,2.138574124,-0.176614353,
2019年3月,5.524022984,4.464302372,12.08754036,-100.4077632,11.9547297,-2.460292698,2.415602611,-1.428885136,
2019年4月,7.524115352,1055.731323,13.12808901,-97.77126132,7.947596708,5.093601641,1.215632635,-0.628056183,
2019年5月,4.829191229,1776.50575,64.75314257,-108.1197216,5.626567894,12.39518451,3.217764282,-0.402173712,
2019年6月,4.79E-07,1549.238343,50.57282948,-111.3129299,0,19.18441816,0.827868705,0.65293375,
2019年7月,1.92E-05,1657.718778,40.45783634,-125.3590402,0,22.58769118,1.021119651,1.039716113,
2019年8月,1.83E-05,1217.213591,77.23174443,-94.60374493,0,18.68732019,0.832118927,-0.369724017,
2019年9月,4.88E-06,1161.98078,8.665406263,-93.24149748,0,16.73415489,0.869313388,0.84179621,
2019年10月,5.419338201,662.0257982,30.29535208,-52.36345876,9.050217426,3.70609837,1.92677477,0.219218025,
2019年11月,1.445562486,0,6.360854825,-28.94246812,4.105253676,-5.332232998,2.686021907,0.684134605,
2019年12月,0,0,17.49629577,40.35171943,17.4061728,-15.50228678,3.424599082,0.574748434,
2020年1月,0.728518236,0,2.708971219,26.8350374,2.648635532,-16.97905308,2.345167253,0.815976242,
2020年2月,4.277842517,0,17.04732144,7.012307214,16.65112859,-12.19696126,1.5982796,0.410300534,
2020年3月,5.012476926,0,10.2242036,-66.58726149,6.982703389,-3.007592467,3.161233839,-0.532517056,
2020年4月,7.642768759,995.9448814,22.91994405,-86.29461496,12.17470291,3.733316256,1.396035239,-1.848029588,
2020年5月,0.717694866,1502.959534,50.87610563,-115.2553809,0.963264912,12.75098302,1.957262473,-0.1689501,
2020年6月,1.54E-07,1676.785525,42.31460228,-118.0245983,0,20.47716609,1.594987852,1.370100274,
2020年7月,3.02E-05,1488.090905,78.75598185,-103.6453601,0,21.21466536,0.243358092,2.530863337,
2020年8月,2.81E-05,1339.334861,69.85806888,-83.67670113,0,19.81680758,1.383623999,1.433847145,
2020年9月,0.079523323,1012.626924,62.70025142,-70.80569538,0.078249308,11.91007361,1.168132557,-0.411638883,
2020年10月,4.196725277,647.0983836,14.83164691,-33.78785766,5.738207347,1.686364048,4.000023765,0.654596649,
2020年11月,0.17878199,0,26.98308775,9.1263823,22.02135258,-8.767412034,2.458033331,0.471355128,
2020年12月,0,0,3.005043973,53.39045322,2.933119361,-22.19195431,3.822165953,0.789922517,
